numbytes,ns
16383,89.9753086419753
32766,163.92592592592592
49149,237.46913580246914
65532,298.7901234567901
81915,374.679012345679
98298,453.12345679012344
114681,520.1604938271605
131064,624.4320987654321
