numbytes,ns
16383,106.7955705
32766,242.981697
49149,383.379277
65532,520.279273
81915,620.712362
98298,743.475214
114681,853.086526
131064,992.317434
