refs,ns
254,23.864197530864196
510,46.34567901234568
766,69.17283950617283
1022,92.35802469135803
1278,115.37037037037037
1534,139.22222222222223
1790,160.88888888888889
2046,187.66666666666666
