refs,stacksize,ns
256,1,25.938271604938272
512,1,48.98765432098765
768,1,72.91358024691358
1024,1,97.95061728395062
1280,1,121.85185185185185
1536,1,144.44444444444446
1792,1,169.09876543209876
2048,1,193.88888888888889
256,256,21.59259259259259
512,512,40.03703703703704
768,768,57.54320987654321
1024,1024,78.44444444444444
1280,1280,94.74074074074075
1536,1536,114.39506172839506
1792,1792,129.22222222222223
2048,2048,148.97530864197532
