refs,ns
256,25.51851851851852
512,49.20987654320987
768,73.91358024691358
1024,97.1358024691358
1280,122.28395061728395
1536,145.7283950617284
1792,167.82716049382717
2048,194.28395061728395
