numbytes,ns
16383,105.54320987654322
32766,173.4814814814815
49149,271.0740740740741
65532,337.85185185185185
81915,417.41975308641975
98298,465.61728395061726
114681,552.7037037037037
131064,622.8888888888889
