refs,itemnumber,ns
255,0,12.320987654320987
511,0,23.135802469135804
767,0,33.04938271604938
1023,0,42.69135802469136
1279,0,52.32098765432099
1535,0,62.49382716049383
1791,0,70.96296296296296
2047,0,80.58024691358025
1,126,28.469135802469136
1,254,56.27160493827161
1,382,84.32098765432099
1,510,102.01234567901234
1,638,136.33333333333334
1,766,162.54320987654322
1,894,188.77777777777777
1,1022,221.7283950617284
