argslots,ns
31,13.950617283950617
62,25.444444444444443
93,37.45679012345679
124,51.08641975308642
155,63.76543209876543
186,74.51851851851852
217,90.35802469135803
248,102.17283950617283
