size,ns
84,116.8395061728395
169,240.87654320987653
254,359.04938271604937
339,482.3333333333333
424,602.4320987654321
509,721.320987654321
594,843.679012345679
679,948.9506172839506
