numbytes,ns
16383,12.049382716049383
32766,21.876543209876544
49149,30.876543209876544
65532,39.69135802469136
81915,48.876543209876544
98298,57.592592592592595
114681,67.38271604938272
131064,76.32098765432099
