numbytes,ns
16383,44.098765432098766
32766,89.70370370370371
49149,144.02469135802468
65532,190.77777777777777
81915,244.19753086419752
98298,288.24691358024694
114681,338.1358024691358
131064,392.01234567901236
