numbytes,ns
16383,105.731358
32766,218.775524
49149,324.018431
65532,400.532178
81915,479.910352
98298,637.491305
114681,772.882981
131064,844.571689
