numcomparisons,ns
8001,1705.833491
32385,6700.403620
73153,15094.875178
130305,26698.203959
203841,41299.622942
293761,59900.783520
400065,82588.375684
522753,110299.864326
