refs,numcomparisons,ns
0,60,30.185735
0,264,84.918851
0,612,177.991223
0,1104,276.884742
0,1740,407.147378
0,2520,601.020536
0,3444,784.805994
0,4512,1001.784137
0,8001,1705.833491
0,32385,6700.403620
0,73153,15094.875178
0,130305,26698.203959
0,203841,41299.622942
0,293761,59900.783520
0,400065,82588.375684
0,522753,110299.864326
252,1,31.047042
508,1,57.166673
764,1,82.709959
1020,1,109.778293
1276,1,133.659003
1532,1,160.636092
1788,1,184.971558
2044,1,212.424433
