size,ns
255,49.700127
511,93.743897
767,135.333091
1023,180.850854
1279,217.579877
1535,262.393628
1791,294.401370
2047,355.532515
