arrrefs,itemrefs,ns
256,0,18.48148148148148
512,0,50.0
768,0,73.20987654320987
1024,0,96.96296296296296
1280,0,120.01234567901234
1536,0,144.58024691358025
1792,0,168.9506172839506
2048,0,195.93827160493828
256,255,41.74074074074074
512,511,81.61728395061728
768,767,121.61728395061728
1024,1023,160.54320987654322
1280,1279,197.85185185185185
1536,1535,239.92592592592592
1792,1791,277.1111111111111
2048,2047,316.5925925925926
