refs,ns
256,27.11111111111111
512,50.50617283950617
768,72.85185185185185
1024,97.28395061728395
1280,122.22222222222223
1536,148.33333333333334
1792,170.50617283950618
2048,195.679012345679
