refs,ns
255,23.296296296296298
511,45.54320987654321
767,66.67901234567901
1023,89.69135802469135
1279,112.91358024691358
1535,140.679012345679
1791,150.91358024691357
2047,174.0493827160494
