numbytes,ns
16383,98.22222222222223
32766,175.8148148148148
49149,243.20987654320987
65532,320.5308641975309
81915,401.18518518518516
98298,474.9012345679012
114681,549.9135802469136
131064,620.6666666666666
