type,size,ns
Array,255,30.776841
Array,511,60.081471
Array,767,89.580306
Array,1023,122.030651
Array,1279,150.595812
Array,1535,188.185129
Array,1791,224.580588
Array,2047,243.488105
Map,127,20.094585
Map,255,33.719379
Map,383,49.690789
Map,511,61.951428
Map,639,79.769798
Map,767,91.905515
Map,895,103.677980
Map,1023,114.576265
