size,numcloneditems,ns
255,0,88.351941
511,0,166.697356
767,0,241.479132
1023,0,317.457400
1279,0,387.799123
1535,0,466.912483
1791,0,532.862192
2047,0,610.910660
1,255,104.177342
1,511,198.577040
1,767,280.363330
1,1023,373.721022
1,1279,454.382955
1,1535,549.944054
1,1791,631.844426
1,2047,721.415946
