refcount,elemsize,ns
256,1,25.679012345679013
512,1,50.30864197530864
768,1,73.9753086419753
1024,1,98.0246913580247
1280,1,122.22222222222223
1536,1,144.82716049382717
1792,1,172.02469135802468
2048,1,195.55555555555554
1,254,3.728395061728395
1,510,5.271604938271605
1,766,6.432098765432099
1,1022,7.506172839506172
1,1278,8.876543209876543
1,1534,10.17283950617284
1,1790,11.864197530864198
1,2046,13.567901234567902
