refsdelta,length,ns
2,0,1.939097
2,16383,137.803818
2,32766,313.371102
2,49149,459.867842
2,65532,549.836454
2,81915,747.692070
2,98298,863.716432
2,114681,956.440449
2,131064,1050.709092
256,0,27.210573
512,0,53.059245
768,0,77.385538
1024,0,102.568562
1280,0,127.255214
1536,0,152.631287
1792,0,177.190908
2048,0,201.834118
