refsdelta,ns
1,1.793739
255,26.125080
511,51.918579
767,77.110965
1023,102.146750
1279,127.148985
1535,152.055785
1791,177.923286
2047,202.402143
256,26.629294
512,53.095603
768,76.639193
1024,102.613920
1280,127.581629
1536,152.803008
1792,178.185298
2048,203.242795
255,28.951122
511,57.902530
767,84.764350
1023,114.313250
1279,142.295841
1535,169.657552
1791,196.871801
2047,224.375655
