type,length,ns
Array,0,3.434988
Array,255,85.587303
Array,511,167.281401
Array,767,245.054364
Array,1023,331.552614
Array,1279,404.265083
Array,1535,493.747250
Array,1791,570.641609
Array,2047,651.589989
ByteString,0,3.416614
ByteString,16383,98.232020
ByteString,32766,205.426804
ByteString,49149,365.95108
ByteString,65532,484.546746
ByteString,81915,613.197368
ByteString,98298,725.848319
ByteString,114681,844.192803
ByteString,131064,989.988625
