refsdelta,ns
1,1.585063
256,26.458070
512,53.092417
768,76.741081
1024,102.284286
1280,127.350793
1536,151.650796
1792,178.178712
2048,203.787521
