length,ns
0,3.142328
16383,97.290674
32766,203.176403
49149,353.446005
65532,449.45311
81915,598.272174
98298,680.443544
114681,804.847408
131064,909.050547
