refsdelta,ns
0,1.137389
255,23.601066
511,48.081689
767,71.273364
1023,96.314218
1279,118.368280
1535,144.230609
1791,164.877178
2047,191.916942