refsdelta,ns
1,2.674404
255,28.034116
511,54.004530
767,78.658561
1023,104.508735
1279,129.578267
1535,154.476086
1791,179.674542
2047,204.586416
