length,ns
1,2.311085
31,6.916113
62,10.931675
93,15.443040
124,22.979303
155,26.363593
186,31.530607
217,36.740619
248,42.925916
