refsdelta,length,ns
31,0,4.923611
62,0,5.094326
93,0,7.794108
124,0,8.782238
155,0,11.885814
186,0,11.328745
217,0,19.314090
248,0,17.782911
0,31,6.916113
0,62,10.931675
0,93,15.443040
0,124,22.979303
0,155,26.363593
0,186,31.530607
0,217,36.740619
0,248,42.925916
