refsdelta,ns
1,1.332761
256,25.799484
512,51.399667
768,75.374178
1024,100.533705
1280,125.138123
1536,150.410919
1792,174.390498
2048,200.314854
