refsdelta,ns
1,1.250923
256,25.617461
512,51.569750
768,75.586196
1024,100.734028
1280,124.840220
1536,150.356936
1792,175.448644
2048,200.158771
