length,ns
0,2.605575
84,120.576338
169,243.273373
254,362.608536
339,484.717840
424,602.521569
509,724.491696
594,843.254549
679,962.386990
