refsdelta,length,ns
1,0,2.605575
1,84,15.125486
1,169,30.250981
1,254,43.226937
1,339,60.190171
1,424,69.610948
1,509,89.614389
1,594,100.707876
1,679,113.557410
256,1,26.889836
512,1,51.404460
768,1,75.976089
1024,1,101.072496
1280,1,124.660633
1536,1,150.833720
1792,1,173.283053
2048,1,198.249300
