length,ns
0,3.514289
16383,13.138640
32766,27.978990
49149,40.523510
65532,51.550470
81915,64.280616
98298,73.412261
114681,86.929876
131064,98.688677
