type,length,ns
Any,0,2.718302
Any,255,34.222901
Any,511,67.528829
Any,767,98.197507
Any,1023,131.805444
Any,1279,154.679630
Any,1535,196.873980
Any,1791,215.576107
Any,2047,259.153110
ByteString,0,2.721449
ByteString,255,220.660993
ByteString,511,440.388421
ByteString,767,652.581410
ByteString,1023,866.078781
ByteString,1279,1083.139236
ByteString,1535,1312.853605
ByteString,1791,1516.678333
ByteString,2047,1729.903357
