type,length,ns
Any,0,2.528759
Any,255,32.776901
Any,511,64.821893
Any,767,95.600796
Any,1023,130.121354
Any,1279,153.691051
Any,1535,193.313163
Any,1791,216.367255
Any,2047,258.907789
ByteString,0,3.107961
ByteString,255,36.976915
ByteString,511,71.847285
ByteString,767,106.544540
ByteString,1023,141.366773
ByteString,1279,171.764519
ByteString,1535,208.017511
ByteString,1791,236.584278
ByteString,2047,273.260630
