refsdelta,length,ns
0,0,3.581367
0,127,682.420814
0,255,1364.745348
0,383,1865.521802
0,511,2706.561625
0,639,3330.589691
0,767,3703.410845
0,895,4130.908386
0,1023,5417.062236
253,2,34.301584
509,2,59.803207
765,2,84.827893
1021,2,110.753389
1277,2,137.153121
1533,2,162.978353
1789,2,186.655736
2045,2,213.538289
