refsdelta,length,ns
2,0,2.866935
2,16383,108.758266
2,32766,210.995938
2,49149,323.557541
2,65532,443.268613
2,81915,593.564119
2,98298,719.255314
2,114681,807.135069
2,131064,946.520135
256,0,28.344423
512,0,54.200945
768,0,79.147122
1024,0,105.183393
1280,0,129.588253
1536,0,155.787654
1792,0,179.579185
2048,0,205.619954
509,0,44.722326
1021,0,86.488052
1533,0,127.877671
2045,0,169.835712
2557,0,208.624067
3069,0,254.213165
3581,0,294.225471
4093,0,334.359807
