refsdelta,ns
3,2.895532
257,27.857832
513,54.429241
769,78.312227
1025,104.151024
1281,129.269893
1537,154.182315
1793,179.783515
2049,206.568115
511,43.864097
1023,86.260158
1535,129.420263
2047,170.451517
2559,211.398163
3071,255.438096
3583,294.708846
4095,349.264619
