refsdelta,ncloneditems,ns
3,0,2.963726
131,127,33.681722
259,255,66.285127
387,383,97.255722
515,511,129.051990
643,639,155.971993
771,767,190.014162
899,895,218.707867
1027,1023,256.192525
256,0,26.985029
512,0,51.740867
768,0,75.336433
1024,0,100.093061
1280,0,122.607474
1536,0,148.201929
1792,0,172.361169
2048,0,197.163751
254,0,26.657653
510,0,50.636336
766,0,76.053912
1022,0,102.155585
1278,0,126.347781
1534,0,149.048035
1790,0,171.492022
2046,0,198.477705
