refsdelta,ns
1,2.792526
256,29.368442
512,55.412758
768,79.406605
1024,104.438792
1280,129.594970
1536,153.902881
1792,180.088994
2048,204.414714
