refsdelta,ns
1,1.696562
255,25.922719
511,51.454409
767,76.442723
1023,101.819904
1279,126.194371
1535,150.974354
1791,175.985909
2047,201.722889
