length,ns
1,2.915242
16383,98.330262
32766,218.099794
49149,337.070341
65532,464.171713
81915,590.666068
98298,715.046868
114681,851.85516
131064,991.43181
