refsdelta,ns
2,1.908959
512,44.602913
1024,87.993173
1536,132.545934
2048,173.469098
2560,206.769908
3072,250.578822
3584,294.108826
4096,346.436384