length,ns
0,2.603511
127,33.987586
255,66.346497
383,100.159176
511,126.763617
639,175.296685
767,189.450653
895,211.615964
1023,288.578784
