refsdelta,length,ns
1,0,1.881839
1,254,3.695219
1,510,4.981909
1,766,6.141494
1,1022,7.362434
1,1278,8.612958
1,1534,9.937564
1,1790,11.381436
1,2046,13.105759
255,0,26.516748
511,0,52.641176
767,0,76.543033
1023,0,101.765691
1279,0,126.749654
1535,0,151.253748
1791,0,177.674703
2047,0,201.943370

